-- phpMyAdmin SQL Dump
-- version 4.7.9
-- https://www.phpmyadmin.net/
--
-- Host: 127.0.0.1
-- Generation Time: Apr 24, 2019 at 03:19 AM
-- Server version: 10.1.31-MariaDB
-- PHP Version: 7.2.3

SET SQL_MODE = "NO_AUTO_VALUE_ON_ZERO";
SET AUTOCOMMIT = 0;
START TRANSACTION;
SET time_zone = "+00:00";


/*!40101 SET @OLD_CHARACTER_SET_CLIENT=@@CHARACTER_SET_CLIENT */;
/*!40101 SET @OLD_CHARACTER_SET_RESULTS=@@CHARACTER_SET_RESULTS */;
/*!40101 SET @OLD_COLLATION_CONNECTION=@@COLLATION_CONNECTION */;
/*!40101 SET NAMES utf8mb4 */;

--
-- Database: `bencana_skripsi`
--

-- --------------------------------------------------------

--
-- Table structure for table `area`
--

CREATE TABLE `area` (
  `id` int(11) NOT NULL,
  `name` varchar(45) DEFAULT NULL
) ENGINE=InnoDB DEFAULT CHARSET=utf8;

--
-- Dumping data for table `area`
--

INSERT INTO `area` (`id`, `name`) VALUES
(1, 'Gendol Tengah'),
(2, 'Gendol Hulu'),
(3, 'Gendol Hilir');

-- --------------------------------------------------------

--
-- Table structure for table `latlong`
--

CREATE TABLE `latlong` (
  `id` int(11) NOT NULL,
  `latitude` varchar(45) DEFAULT NULL,
  `longitude` varchar(45) DEFAULT NULL,
  `area_id` int(11) NOT NULL
) ENGINE=InnoDB DEFAULT CHARSET=utf8;

--
-- Dumping data for table `latlong`
--

INSERT INTO `latlong` (`id`, `latitude`, `longitude`, `area_id`) VALUES
(190, '-7.541495', '110.4443', 3),
(191, '-7.548966', '110.443379', 3),
(192, '-7.557148', '110.443379', 3),
(193, '-7.562602', '110.443379', 3),
(194, '-7.572147', '110.443379', 3),
(195, '-7.576238', '110.444743', 3),
(196, '-7.58442', '110.450197', 3),
(197, '-7.587871', '110.448392', 3),
(198, '-7.594691', '110.449756', 3),
(199, '-7.608331', '110.453848', 3),
(200, '-7.612423', '110.456576', 3),
(201, '-7.620607', '110.45112', 3),
(202, '-7.627427', '110.45112', 3),
(203, '-7.630155', '110.452484', 3),
(204, '-7.634247', '110.45794', 3),
(205, '-7.636975', '110.45794', 3),
(206, '-7.638339', '110.459304', 3),
(207, '-7.645159', '110.459304', 3),
(208, '-7.665619', '110.460668', 3),
(209, '-7.671075', '110.463396', 3),
(210, '-7.683351', '110.460668', 3),
(211, '-7.695627', '110.46476', 3),
(212, '-7.701083', '110.466124', 3),
(213, '-7.707903', '110.470216', 3),
(214, '-7.711995', '110.474308', 3),
(215, '-7.722907', '110.481128', 3),
(216, '-7.721543', '110.482492', 3),
(217, '-7.720179', '110.48522', 3),
(218, '-7.711995', '110.486584', 3),
(219, '-7.709267', '110.486584', 3),
(220, '-7.705175', '110.487948', 3),
(221, '-7.702447', '110.489312', 3),
(222, '-7.698355', '110.490676', 3),
(223, '-7.694263', '110.49204', 3),
(224, '-7.691535', '110.489312', 3),
(225, '-7.688807', '110.490676', 3),
(226, '-7.677895', '110.490676', 3),
(227, '-7.671075', '110.489312', 3),
(228, '-7.656071', '110.487948', 3),
(229, '-7.642431', '110.489312', 3),
(230, '-7.639703', '110.489312', 3),
(231, '-7.621971', '110.4784', 3),
(232, '-7.613787', '110.472944', 3),
(233, '-7.612423', '110.470216', 3),
(234, '-7.608331', '110.468852', 3),
(235, '-7.604239', '110.467488', 3),
(236, '-7.593327', '110.462032', 3),
(237, '-7.587871', '110.460668', 3),
(238, '-7.583056', '110.457015', 3),
(239, '-7.572147', '110.457015', 3),
(240, '-7.56942', '110.455651', 3),
(241, '-7.566693', '110.454288', 3),
(242, '-7.563966', '110.452924', 3),
(243, '-7.555784', '110.452924', 3),
(244, '-7.551693', '110.450197', 3),
(245, '-7.55033', '110.448833', 3),
(246, '-7.547603', '110.448833', 3),
(247, '-7.544875', '110.44747', 3),
(248, '-7.541495', '110.4443', 2),
(249, '-7.548966', '110.443379', 2),
(250, '-7.557148', '110.443379', 2),
(251, '-7.562602', '110.443379', 2),
(252, '-7.572147', '110.443379', 2),
(253, '-7.576238', '110.444743', 2),
(254, '-7.58442', '110.450197', 2),
(255, '-7.587871', '110.448392', 2),
(256, '-7.594691', '110.449756', 2),
(257, '-7.608331', '110.453848', 2),
(258, '-7.612423', '110.456576', 2),
(259, '-7.620607', '110.45112', 2),
(260, '-7.630155', '110.459304', 2),
(261, '-7.631519', '110.467488', 2),
(262, '-7.623335', '110.472944', 2),
(263, '-7.613787', '110.472944', 2),
(264, '-7.612423', '110.470216', 2),
(265, '-7.608331', '110.468852', 2),
(266, '-7.604239', '110.467488', 2),
(267, '-7.593327', '110.462032', 2),
(268, '-7.587871', '110.460668', 2),
(269, '-7.583056', '110.457015', 2),
(270, '-7.572147', '110.457015', 2),
(271, '-7.56942', '110.455651', 2),
(272, '-7.566693', '110.454288', 2),
(273, '-7.563966', '110.452924', 2),
(274, '-7.555784', '110.452924', 2),
(275, '-7.551693', '110.450197', 2),
(276, '-7.55033', '110.448833', 2),
(277, '-7.547603', '110.448833', 2),
(278, '-7.544875', '110.44747', 2),
(279, '-7.541495', '110.4443', 1),
(280, '-7.548966', '110.443379', 1),
(281, '-7.557148', '110.443379', 1),
(282, '-7.562602', '110.443379', 1),
(283, '-7.572147', '110.443379', 1),
(284, '-7.576238', '110.444743', 1),
(285, '-7.58442', '110.450197', 1),
(286, '-7.585783', '110.455651', 1),
(287, '-7.585783', '110.455651', 1),
(288, '-7.583056', '110.457015', 1),
(289, '-7.572147', '110.457015', 1),
(290, '-7.56942', '110.455651', 1),
(291, '-7.566693', '110.454288', 1),
(292, '-7.563966', '110.452924', 1),
(293, '-7.555784', '110.452924', 1),
(294, '-7.551693', '110.450197', 1),
(295, '-7.55033', '110.448833', 1),
(296, '-7.547603', '110.448833', 1),
(297, '-7.544875', '110.44747', 1);

-- --------------------------------------------------------

--
-- Table structure for table `parameter`
--

CREATE TABLE `parameter` (
  `id` int(11) NOT NULL,
  `rainfall` float DEFAULT NULL,
  `soil` varchar(45) DEFAULT NULL,
  `slope` float DEFAULT NULL,
  `date` datetime DEFAULT CURRENT_TIMESTAMP,
  `status` varchar(45) DEFAULT NULL,
  `area_id` int(11) NOT NULL
) ENGINE=InnoDB DEFAULT CHARSET=utf8;

--
-- Dumping data for table `parameter`
--

INSERT INTO `parameter` (`id`, `rainfall`, `soil`, `slope`, `date`, `status`, `area_id`) VALUES
(35, 0.04052, 'NON-SOIL', 0.28234, '2016-02-13 00:00:00', 'AMAN', 2),
(36, 0.00924, 'SOIL', 0.09923, '2016-02-13 00:00:00', 'AMAN', 1),
(37, 0.00629, 'SOIL', 0.07893, '2016-02-13 00:00:00', 'AMAN', 3),
(38, 0.03613, 'NON-SOIL', 0.28234, '2016-02-13 03:00:00', 'AMAN', 2),
(39, 0.01256, 'SOIL', 0.09923, '2016-02-13 03:00:00', 'AMAN', 1),
(40, 0.01062, 'SOIL', 0.07893, '2016-02-13 03:00:00', 'AMAN', 3),
(41, 0.04052, 'NON-SOIL', 0.28234, '2016-02-13 06:00:00', 'AMAN', 2),
(42, 0.00613, 'SOIL', 0.09923, '2016-02-13 06:00:00', 'AMAN', 1),
(43, 0.00403, 'SOIL', 0.07893, '2016-02-13 06:00:00', 'AMAN', 3),
(44, 0.02574, 'NON-SOIL', 0.28234, '2016-02-13 09:00:00', 'AMAN', 2),
(45, 0.015459, 'SOIL', 0.09923, '2016-02-13 09:00:00', 'AMAN', 1),
(46, 0.01507, 'SOIL', 0.07893, '2016-02-13 09:00:00', 'AMAN', 3),
(47, 0.02615, 'NON-SOIL', 0.28234, '2016-02-13 12:00:00', 'AMAN', 2),
(48, 0.0042, 'SOIL', 0.09923, '2016-02-13 12:00:00', 'AMAN', 1),
(49, 0.00276, 'SOIL', 0.07893, '2016-02-13 12:00:00', 'AMAN', 3),
(50, 0.03333, 'NON-SOIL', 0.28234, '2016-02-13 15:00:00', 'AMAN', 2),
(51, 0.00528, 'SOIL', 0.09923, '2016-02-13 15:00:00', 'AMAN', 1),
(52, 0.00347, 'SOIL', 0.07893, '2016-02-13 15:00:00', 'AMAN', 3),
(53, 0.03912, 'NON-SOIL', 0.28234, '2016-02-13 18:00:00', 'AMAN', 2),
(54, 0.00697, 'SOIL', 0.09923, '2016-02-13 18:00:00', 'AMAN', 1),
(55, 0.00459, 'SOIL', 0.07893, '2016-02-13 18:00:00', 'AMAN', 3),
(56, 0.03892, 'NON-SOIL', 0.28234, '2016-02-13 15:00:00', 'AMAN', 2),
(57, 0.00609, 'SOIL', 0.09923, '2016-02-13 15:00:00', 'AMAN', 1),
(58, 0.00401, 'SOIL', 0.07893, '2016-02-13 15:00:00', 'AMAN', 3),
(62, 0.03892, 'NON-SOIL', 0.28234, '2016-02-13 21:00:00', 'AMAN', 1),
(63, 0.0061, 'SOIL', 0.09923, '2016-02-13 21:00:00', 'AMAN', 2),
(64, 0.00401, 'SOIL', 0.07893, '2016-02-13 21:00:00', 'AMAN', 3),
(65, 0.04391, 'NON-SOIL', 0.28234, '2016-02-14 00:00:00', 'AMAN', 1),
(66, 0.04967, 'SOIL', 0.09923, '2016-02-14 00:00:00', 'AMAN', 2),
(67, 0.04258, 'SOIL', 0.07893, '2016-02-14 00:00:00', 'AMAN', 3),
(68, 0.0523, 'NON-SOIL', 0.28234, '2016-02-14 03:00:00', 'AMAN', 1),
(69, 0.00839, 'SOIL', 0.09923, '2016-02-14 03:00:00', 'AMAN', 2),
(70, 0.00552, 'SOIL', 0.07893, '2016-02-14 03:00:00', 'AMAN', 3),
(71, 0.03752, 'NON-SOIL', 0.28234, '2016-02-14 06:00:00', 'AMAN', 1),
(72, 0.00999, 'SOIL', 0.09923, '2016-02-14 06:00:00', 'AMAN', 2),
(73, 0.00657, 'SOIL', 0.07893, '2016-02-14 06:00:00', 'AMAN', 3),
(74, 0.02914, 'NON-SOIL', 0.28234, '2016-02-14 09:00:00', 'AMAN', 1),
(75, 0.00474, 'SOIL', 0.09923, '2016-02-14 09:00:00', 'AMAN', 2),
(76, 0.00312, 'SOIL', 0.07893, '2016-02-14 09:00:00', 'AMAN', 3),
(77, 0.03034, 'NON-SOIL', 0.28234, '2016-02-14 12:00:00', 'AMAN', 1),
(78, 0.00682, 'SOIL', 0.09923, '2016-02-14 12:00:00', 'AMAN', 2),
(79, 0.01102, 'SOIL', 0.07893, '2016-02-14 12:00:00', 'AMAN', 3),
(80, 0.03393, 'NON-SOIL', 0.28234, '2016-02-14 15:00:00', 'AMAN', 1),
(81, 0.02428, 'SOIL', 0.09923, '2016-02-14 15:00:00', 'AMAN', 2),
(82, 0.02033, 'SOIL', 0.07893, '2016-02-14 15:00:00', 'AMAN', 3),
(83, 0.03772, 'NON-SOIL', 0.28234, '2016-02-14 18:00:00', 'AMAN', 1),
(84, 0.00649, 'SOIL', 0.09923, '2016-02-14 18:00:00', 'AMAN', 2),
(85, 0.00427, 'SOIL', 0.07893, '2016-02-14 18:00:00', 'AMAN', 3),
(86, 0.03872, 'NON-SOIL', 0.28234, '2016-02-14 21:00:00', 'AMAN', 1),
(87, 0.007, 'SOIL', 0.09923, '2016-02-14 21:00:00', 'AMAN', 2),
(88, 0.00461, 'SOIL', 0.07893, '2016-02-14 21:00:00', 'AMAN', 3),
(89, 0.0479, 'NON-SOIL', 0.28234, '2016-02-15 00:00:00', 'AMAN', 1),
(90, 0.00764, 'SOIL', 0.09923, '2016-02-15 00:00:00', 'AMAN', 2),
(91, 0.00502, 'SOIL', 0.07893, '2016-02-15 00:00:00', 'AMAN', 3),
(92, 0.02355, 'NON-SOIL', 0.28234, '2016-02-15 03:00:00', 'AMAN', 1),
(93, 0.00356, 'SOIL', 0.09923, '2016-02-15 03:00:00', 'AMAN', 2),
(94, 0.00234, 'SOIL', 0.07893, '2016-02-15 03:00:00', 'AMAN', 3),
(95, 0.01457, 'NON-SOIL', 0.28234, '2016-02-15 06:00:00', 'AMAN', 1),
(96, 0.00226, 'SOIL', 0.09923, '2016-02-15 06:00:00', 'AMAN', 2),
(97, 0.00149, 'SOIL', 0.07893, '2016-02-15 06:00:00', 'AMAN', 3),
(98, 0.0521, 'NON-SOIL', 0.28234, '2016-02-15 09:00:00', 'AMAN', 1),
(99, 0.01624, 'SOIL', 0.09923, '2016-02-15 09:00:00', 'AMAN', 2),
(100, 0.01068, 'SOIL', 0.07893, '2016-02-15 09:00:00', 'AMAN', 3),
(101, 0.03293, 'NON-SOIL', 0.28234, '2016-02-15 12:00:00', 'AMAN', 1),
(102, 0.01661, 'SOIL', 0.09923, '2016-02-15 12:00:00', 'AMAN', 2),
(103, 0.03034, 'SOIL', 0.07893, '2016-02-15 12:00:00', 'AMAN', 3),
(104, 0.07206, 'NON-SOIL', 0.28234, '2016-02-15 15:00:00', 'AMAN', 1),
(105, 0.09466, 'SOIL', 0.09923, '2016-02-15 15:00:00', 'AMAN', 2),
(106, 0.15501, 'SOIL', 0.07893, '2016-02-15 15:00:00', 'AMAN', 3),
(107, 0.03094, 'NON-SOIL', 0.28234, '2016-02-15 18:00:00', 'AMAN', 1),
(108, 0.00513, 'SOIL', 0.09923, '2016-02-15 18:00:00', 'AMAN', 2),
(109, 0.00338, 'SOIL', 0.07893, '2016-02-15 18:00:00', 'AMAN', 3),
(110, 0.04711, 'NON-SOIL', 0.28234, '2016-02-15 21:00:00', 'AMAN', 1),
(111, 0.00803, 'SOIL', 0.09923, '2016-02-15 21:00:00', 'AMAN', 2),
(112, 0.00528, 'SOIL', 0.07893, '2016-02-15 21:00:00', 'AMAN', 3),
(113, 0.01956, 'NON-SOIL', 0.28234, '2016-02-16 00:00:00', 'AMAN', 1),
(114, 0.00296, 'SOIL', 0.09923, '2016-02-16 00:00:00', 'AMAN', 2),
(115, 0.00195, 'SOIL', 0.07893, '2016-02-16 00:00:00', 'AMAN', 3),
(116, 0.0501, 'NON-SOIL', 0.28234, '2016-02-16 03:00:00', 'AMAN', 1),
(117, 0.00854, 'SOIL', 0.09923, '2016-02-16 03:00:00', 'AMAN', 2),
(118, 0.00562, 'SOIL', 0.07893, '2016-02-16 03:00:00', 'AMAN', 3),
(119, 0.00838, 'NON-SOIL', 0.28234, '2016-02-16 06:00:00', 'AMAN', 1),
(120, 0.01848, 'SOIL', 0.09923, '2016-02-16 06:00:00', 'AMAN', 2),
(121, 0.01215, 'SOIL', 0.07893, '2016-02-16 06:00:00', 'AMAN', 3),
(122, 0.02994, 'NON-SOIL', 0.28234, '2016-02-16 09:00:00', 'AMAN', 1),
(123, 0.01247, 'SOIL', 0.09923, '2016-02-16 09:00:00', 'AMAN', 2),
(124, 0.01013, 'SOIL', 0.07893, '2016-02-16 09:00:00', 'AMAN', 3),
(125, 8.66547, 'NON-SOIL', 0.28234, '2016-02-16 12:00:00', 'AMAN', 1),
(126, 5.07349, 'SOIL', 0.09923, '2016-02-16 12:00:00', 'AMAN', 2),
(127, 5.15364, 'SOIL', 0.07893, '2016-02-16 12:00:00', 'AMAN', 3),
(128, 0.02036, 'NON-SOIL', 0.28234, '2016-02-16 15:00:00', 'AMAN', 1),
(129, 4.80704, 'SOIL', 0.09923, '2016-02-16 15:00:00', 'AMAN', 2),
(130, 3.59829, 'SOIL', 0.07893, '2016-02-16 15:00:00', 'AMAN', 3),
(131, 0.12176, 'NON-SOIL', 0.28234, '2016-02-16 18:00:00', 'AMAN', 1),
(132, 1.57234, 'SOIL', 0.09923, '2016-02-16 18:00:00', 'AMAN', 2),
(133, 1.46959, 'SOIL', 0.07893, '2016-02-16 18:00:00', 'AMAN', 3),
(134, 0.06208, 'NON-SOIL', 0.28234, '2016-02-16 21:00:00', 'AMAN', 1),
(135, 0.00969, 'SOIL', 0.09923, '2016-02-16 21:00:00', 'AMAN', 2),
(136, 0.00637, 'SOIL', 0.07893, '2016-02-16 21:00:00', 'AMAN', 3),
(137, 0.03832, 'NON-SOIL', 0.28234, '2016-02-17 00:00:00', 'RAWAN', 1),
(138, 0.00619, 'SOIL', 0.09923, '2016-02-17 00:00:00', 'RAWAN', 2),
(139, 0.00407, 'SOIL', 0.07893, '2016-02-17 00:00:00', 'RAWAN', 3),
(140, 0.02136, 'NON-SOIL', 0.28234, '2016-02-17 03:00:00', 'RAWAN', 1),
(141, 0.00338, 'SOIL', 0.09923, '2016-02-17 03:00:00', 'RAWAN', 2),
(142, 0.00222, 'SOIL', 0.07893, '2016-02-17 03:00:00', 'RAWAN', 3),
(143, 0.01437, 'NON-SOIL', 0.28234, '2016-02-17 07:00:00', 'RAWAN', 1),
(144, 0.00338, 'SOIL', 0.09923, '2016-02-17 07:00:00', 'RAWAN', 2),
(145, 0.00222, 'SOIL', 0.07893, '2016-02-17 07:00:00', 'RAWAN', 3),
(146, 0.02794, 'NON-SOIL', 0.28234, '2016-02-17 10:00:00', 'RAWAN', 1),
(147, 0.00966, 'SOIL', 0.09923, '2016-02-17 10:00:00', 'RAWAN', 2),
(148, 0.00635, 'SOIL', 0.07893, '2016-02-17 10:00:00', 'RAWAN', 3),
(149, 1.48084, 'NON-SOIL', 0.28234, '2016-02-17 14:00:00', 'RAWAN', 1),
(150, 8.3292, 'SOIL', 0.09923, '2016-02-17 14:00:00', 'RAWAN', 2),
(151, 8.84503, 'SOIL', 0.07893, '2016-02-17 14:00:00', 'RAWAN', 3);

--
-- Indexes for dumped tables
--

--
-- Indexes for table `area`
--
ALTER TABLE `area`
  ADD PRIMARY KEY (`id`);

--
-- Indexes for table `latlong`
--
ALTER TABLE `latlong`
  ADD PRIMARY KEY (`id`),
  ADD KEY `fk_latlong_area_idx` (`area_id`);

--
-- Indexes for table `parameter`
--
ALTER TABLE `parameter`
  ADD PRIMARY KEY (`id`),
  ADD KEY `fk_parameter_area1_idx` (`area_id`);

--
-- AUTO_INCREMENT for dumped tables
--

--
-- AUTO_INCREMENT for table `area`
--
ALTER TABLE `area`
  MODIFY `id` int(11) NOT NULL AUTO_INCREMENT, AUTO_INCREMENT=4;

--
-- AUTO_INCREMENT for table `latlong`
--
ALTER TABLE `latlong`
  MODIFY `id` int(11) NOT NULL AUTO_INCREMENT, AUTO_INCREMENT=298;

--
-- AUTO_INCREMENT for table `parameter`
--
ALTER TABLE `parameter`
  MODIFY `id` int(11) NOT NULL AUTO_INCREMENT, AUTO_INCREMENT=152;

--
-- Constraints for dumped tables
--

--
-- Constraints for table `latlong`
--
ALTER TABLE `latlong`
  ADD CONSTRAINT `fk_latlong_area` FOREIGN KEY (`area_id`) REFERENCES `area` (`id`) ON DELETE NO ACTION ON UPDATE NO ACTION;

--
-- Constraints for table `parameter`
--
ALTER TABLE `parameter`
  ADD CONSTRAINT `fk_parameter_area1` FOREIGN KEY (`area_id`) REFERENCES `area` (`id`) ON DELETE NO ACTION ON UPDATE NO ACTION;
COMMIT;

/*!40101 SET CHARACTER_SET_CLIENT=@OLD_CHARACTER_SET_CLIENT */;
/*!40101 SET CHARACTER_SET_RESULTS=@OLD_CHARACTER_SET_RESULTS */;
/*!40101 SET COLLATION_CONNECTION=@OLD_COLLATION_CONNECTION */;
